adduser	3.152	all
alsa-ucm-conf	1.2.14-1	all
alsa-utils	1.2.14-1	arm64
apt	3.0.3	arm64
base-files	13.8+deb13u6	arm64
base-passwd	3.6.7	arm64
bash	5.2.37-2+b9	arm64
bsdutils	1:2.41.5-0+deb13u1	arm64
busybox	1:1.37.0-6+b8	arm64
ca-certificates	20250419	all
chrony	4.6.1-3+deb13u2	arm64
coreutils	9.7-3	arm64
cpio	2.15+dfsg-2	arm64
curl	8.14.1-2+deb13u4	arm64
dash	0.5.12-12	arm64
dbus	1.16.2-2	arm64
dbus-bin	1.16.2-2	arm64
dbus-daemon	1.16.2-2	arm64
dbus-session-bus-common	1.16.2-2	all
dbus-system-bus-common	1.16.2-2	all
debconf	1.5.91	all
debian-archive-keyring	2025.1	all
debianutils	5.23.2	arm64
diffutils	1:3.10-4	arm64
dmsetup	2:1.02.205-2	arm64
dnsmasq	2.91-1+deb13u1	all
dnsmasq-base	2.91-1+deb13u1	arm64
dosfstools	4.2-1.2	arm64
dpkg	1.22.22	arm64
dracut-install	106-6	arm64
e2fsprogs	1.47.2-3+b11	arm64
ethtool	1:6.14.2-1	arm64
findutils	4.10.0-3	arm64
gcc-14-base	14.2.0-19	arm64
gettext-base	0.23.1-2	arm64
grep	3.11-4+b1	arm64
grub-common	2.12-9+deb13u2	arm64
grub-efi-arm64-bin	2.12-9+deb13u2	arm64
grub-efi-arm64-unsigned	2.12-9+deb13u2	arm64
gzip	1.13-1	arm64
hostname	3.25	arm64
init-system-helpers	1.69~deb13u1	all
initramfs-tools	0.148.4	all
initramfs-tools-bin	0.148.4	arm64
initramfs-tools-core	0.148.4	all
iproute2	6.15.0-1	arm64
iputils-ping	3:20240905-3	arm64
iw	6.9-1+b1	arm64
klibc-utils	2.0.14-1	arm64
kmod	34.2-2	arm64
less	668-1	arm64
libacl1	2.3.2-2+b1	arm64
libapparmor1	4.1.0-1	arm64
libapt-pkg7.0	3.0.3	arm64
libasound2-data	1.2.14-1	all
libasound2t64	1.2.14-1	arm64
libatomic1	14.2.0-19	arm64
libatopology2t64	1.2.14-1	arm64
libattr1	1:2.5.2-3	arm64
libaudit-common	1:4.0.2-2	all
libaudit1	1:4.0.2-2+b2	arm64
libblkid1	2.41.5-0+deb13u1	arm64
libbluetooth3	5.82-1.1	arm64
libbpf1	1:1.5.0-3	arm64
libbrotli1	1.1.0-2+b7	arm64
libbsd0	0.12.2-2	arm64
libbz2-1.0	1.0.8-6	arm64
libc-bin	2.41-12+deb13u3	arm64
libc-l10n	2.41-12+deb13u3	all
libc6	2.41-12+deb13u3	arm64
libcap-ng0	0.8.5-4+b1	arm64
libcap2	1:2.75-10+deb13u1+b1	arm64
libcap2-bin	1:2.75-10+deb13u1+b1	arm64
libcbor0.10	0.10.2-2	arm64
libcom-err2	1.47.2-3+b11	arm64
libcrypt1	1:4.4.38-1	arm64
libcurl3t64-gnutls	8.14.1-2+deb13u4	arm64
libcurl4t64	8.14.1-2+deb13u4	arm64
libdb5.3t64	5.3.28+dfsg2-9	arm64
libdbus-1-3	1.16.2-2	arm64
libdebconfclient0	0.280	arm64
libdevmapper1.02.1	2:1.02.205-2	arm64
libedit2	3.1-20250104-1	arm64
libefiboot1t64	38-3.1+b1	arm64
libefivar1t64	38-3.1+b1	arm64
libelf1t64	0.192-4	arm64
libexpat1	2.8.3-1~deb13u1	arm64
libext2fs2t64	1.47.2-3+b11	arm64
libffi8	3.4.8-2	arm64
libfftw3-single3	3.3.10-2+b1	arm64
libfido2-1	1.15.0-1+b1	arm64
libfreetype6	2.13.3+dfsg-1+deb13u1	arm64
libfuse3-4	3.17.2-3	arm64
libgcc-s1	14.2.0-19	arm64
libglib2.0-0t64	2.84.4-3~deb13u3	arm64
libgmp10	2:6.3.0+dfsg-3	arm64
libgnutls30t64	3.8.9-3+deb13u4	arm64
libgomp1	14.2.0-19	arm64
libgssapi-krb5-2	1.21.3-5+deb13u1	arm64
libhogweed6t64	3.10.1-1	arm64
libidn2-0	2.3.8-2	arm64
libjansson4	2.14-2+b3	arm64
libk5crypto3	1.21.3-5+deb13u1	arm64
libkeyutils1	1.6.3-6	arm64
libklibc	2.0.14-1	arm64
libkmod2	34.2-2	arm64
libkrb5-3	1.21.3-5+deb13u1	arm64
libkrb5support0	1.21.3-5+deb13u1	arm64
liblastlog2-2	2.41.5-0+deb13u1	arm64
libldap2	2.6.10+dfsg-1	arm64
liblz4-1	1.10.0-4	arm64
liblzma5	5.8.1-1+deb13u1	arm64
libmd0	1.1.0-2+b1	arm64
libmm-glib0	1.24.0-1+deb13u1	arm64
libmnl0	1.0.5-3	arm64
libmount1	2.41.5-0+deb13u1	arm64
libncursesw6	6.5+20250216-2	arm64
libndp0	1.9-1+b1	arm64
libnetfilter-conntrack3	1.1.0-1	arm64
libnettle8t64	3.10.1-1	arm64
libnewt0.52	0.52.25-1	arm64
libnfnetlink0	1.0.2-3	arm64
libnftables1	1.1.3-1	arm64
libnftnl11	1.2.9-1	arm64
libnghttp2-14	1.64.0-1.1+deb13u1	arm64
libnghttp3-9	1.8.0-1	arm64
libngtcp2-16	1.11.0-1+deb13u1	arm64
libngtcp2-crypto-gnutls8	1.11.0-1+deb13u1	arm64
libnl-3-200	3.7.0-2	arm64
libnl-genl-3-200	3.7.0-2	arm64
libnl-route-3-200	3.7.0-2	arm64
libnm0	1.52.1-1	arm64
libp11-kit0	0.25.5-3	arm64
libpam-modules	1.7.0-5	arm64
libpam-modules-bin	1.7.0-5	arm64
libpam-runtime	1.7.0-5	all
libpam0g	1.7.0-5	arm64
libpcre2-8-0	10.46-1~deb13u1	arm64
libpcsclite1	2.3.3-1	arm64
libpng16-16t64	1.6.48-1+deb13u5	arm64
libproc2-0	2:4.0.4-9	arm64
libpsl5t64	0.21.2-1.1+b1	arm64
libqrtr1	1.1-2+b1	arm64
libreadline8t64	8.2-6	arm64
librtmp1	2.4+20151223.gitfa8646d.1-2+b5	arm64
libsamplerate0	0.2.2-4+b2	arm64
libsasl2-2	2.1.28+dfsg1-9	arm64
libsasl2-modules-db	2.1.28+dfsg1-9	arm64
libseccomp2	2.6.0-2	arm64
libselinux1	3.8.1-1	arm64
libsemanage-common	3.8.1-1	all
libsemanage2	3.8.1-1	arm64
libsepol2	3.8.1-1	arm64
libslang2	2.3.3-5+b2	arm64
libsmartcols1	2.41.5-0+deb13u1	arm64
libsqlite3-0	3.46.1-7+deb13u1	arm64
libss2	1.47.2-3+b11	arm64
libssh2-1t64	1.11.1-1+deb13u1	arm64
libssl3t64	3.5.7-1~deb13u2	arm64
libstdc++6	14.2.0-19	arm64
libsystemd-shared	257.13-1~deb13u1	arm64
libsystemd0	257.13-1~deb13u1	arm64
libtasn1-6	4.20.0-2+deb13u1	arm64
libteamdctl0	1.31-1+b2	arm64
libtext-charwidth-perl	0.04-11+b4	arm64
libtext-wrapi18n-perl	0.06-10	all
libtinfo6	6.5+20250216-2	arm64
libtirpc-common	1.3.6+ds-1	all
libtirpc3t64	1.3.6+ds-1	arm64
libudev1	257.13-1~deb13u1	arm64
libunistring5	1.3-2	arm64
libusb-1.0-0	2:1.0.28-1	arm64
libuuid1	2.41.5-0+deb13u1	arm64
libwrap0	7.6.q-36	arm64
libwtmpdb0	0.73.0-3+deb13u1	arm64
libxtables12	1.8.11-2	arm64
libxxhash0	0.8.3-2	arm64
libzstd1	1.5.7+dfsg-1	arm64
linux-base	4.12.1	all
locales	2.41-12+deb13u3	all
login	1:4.16.0-2+really2.41.5-0+deb13u1	arm64
login.defs	1:4.17.4-2	all
logsave	1.47.2-3+b11	arm64
mawk	1.3.4.20250131-1	arm64
mount	2.41.5-0+deb13u1	arm64
nano	8.4-1+deb13u1	arm64
ncurses-base	6.5+20250216-2	all
ncurses-bin	6.5+20250216-2	arm64
netbase	6.5	all
network-manager	1.52.1-1	arm64
nftables	1.1.3-1	arm64
openssh-client	1:10.0p1-7+deb13u4	arm64
openssh-server	1:10.0p1-7+deb13u4	arm64
openssh-sftp-server	1:10.0p1-7+deb13u4	arm64
openssl	3.5.7-1~deb13u2	arm64
openssl-provider-legacy	3.5.7-1~deb13u2	arm64
passwd	1:4.17.4-2	arm64
perl-base	5.40.1-6	arm64
procps	2:4.0.4-9	arm64
protection-domain-mapper	1.0-7	arm64
readline-common	8.2-6	all
rfkill	2.41.5-0+deb13u1	arm64
rmtfs	1.1-4	arm64
runit-helper	2.16.4	all
sed	4.9-2+deb13u1	arm64
sensible-utils	0.0.25	all
sqv	1.3.0-3+b2	arm64
sudo	1.9.16p2-3+deb13u2	arm64
systemd	257.13-1~deb13u1	arm64
systemd-sysv	257.13-1~deb13u1	arm64
sysvinit-utils	3.14-4	arm64
tar	1.35+dfsg-3.1	arm64
tqftpserv	1.1-4	arm64
tzdata	2026b-0+deb13u1	all
ucf	3.0052	all
udev	257.13-1~deb13u1	arm64
usbutils	1:018-2	arm64
util-linux	2.41.5-0+deb13u1	arm64
wget	1.25.0-2	arm64
wpasupplicant	2:2.10-24	arm64
zlib1g	1:1.3.dfsg+really1.3.1-1+b1	arm64
zstd	1.5.7+dfsg-1	arm64
